ACCEX,ACCEY,ACCEZ,GRAVX,GRAVY,GRAVZ,LACCX,LACCY,LACCZ,GYROX,GYROY,GYROZ,LIGHT,MAFIX,MAFIY,MAFIZ,ORIEZ,ORIEX,ORIEY,PROX,SOUND,LOCAT,LOCAL,LOCATION Altitude ( m),LOCATION Altitude-google ( m),LOCATION Speed ( Kmh),LOCATION Accuracy ( m),LOCATION ORIENTATION (Â°),Satellites in range,Time since start in ms ,date
-0.356,4.593,8.511,-0.18187,5.34846,8.21774,-0.17413,-0.75546,0.29326,0.06875,-0.57661,-1.30282,53,18.006,20.088,-34.704,331.039,-29.198,-1.603,1,42.1099,12.926521,77.68379,,2881.55003,,2809.6775,,0 / 21,10,2018-08-06 15:01:06:525
-2.353,4.213,6.266,0.63113,5.37449,8.17844,-1.33113,-0.83449,-0.95244,0.17253,0.47882,-0.08979,55,15.024,19.29,-34.938,330.536,-32.633,-6.871,1,45.3126,12.926521,77.68379,,2881.55003,,2809.6775,,0 / 21,511,2018-08-06 15:01:07:026
2.528,4.762,8.047,1.96579,5.51084,7.86999,1.34321,-0.20584,0.62901,-0.03997,0.07074,0.09579,56,13.272,18.066,-35.514,331.47,-35.019,-9.001,1,44.7549,12.926521,77.68379,,2881.55003,,2809.6775,,0 / 21,1010,2018-08-06 15:01:07:525
1.856,5.247,9.956,2.34833,5.01461,8.09379,-0.73251,0.03374,1.06761,-0.03637,0.12457,-0.27911,56,13.782,17.346,-35.754,322.007,-32.707,-17.088,1,43.7515,12.926521,77.68379,,2881.55003,,2809.6775,,0 / 21,1510,2018-08-06 15:01:08:025
0.707,4.52,8.404,1.95567,5.24552,8.05172,-1.13291,-0.62942,0.26345,-0.21823,0.04383,-0.26805,56,14.106,16.83,-35.844,324.781,-32.337,-13.652,1,39.0246,12.926521,77.68379,,2881.55003,,2809.6775,,0 / 21,2010,2018-08-06 15:01:08:525
0.916,4.964,10.025,3.01814,3.34192,8.71165,-1.53056,1.14178,1.33159,0.82014,0.85998,-0.22289,100,11.73,19.05,-35.946,320.565,-19.924,-19.109,1,37.708,12.926521,77.68379,,2881.55003,,2809.6775,,0 / 21,2510,2018-08-06 15:01:09:025
-1.319,4.42,8.813,-0.71818,5.58941,8.02578,-0.5766,-0.49691,-0.45686,0.61364,0.01332,0.11777,79,13.578,21.684,-38.004,345.341,-34.748,5.113,1,42.0226,12.926521,77.68379,,2881.55003,,2809.6775,,0 / 21,3010,2018-08-06 15:01:09:525
0.415,6.312,6.865,0.85821,6.52823,7.26746,-0.30414,-0.04453,-0.20718,0.164,-0.36411,-0.27791,71,20.634,15.48,-41.508,326.419,-40.745,-5.342,1,39.7381,12.926521,77.68379,,2881.55003,,2809.6775,,0 / 21,3510,2018-08-06 15:01:10:025
0.731,6.057,7.754,0.77464,6.22781,7.53556,-0.16444,-0.22629,0.0982,0.09686,-0.06235,-0.06408,58,18.252,12.576,-41.028,328.063,-39.913,-5.501,1,39.6375,12.926521,77.68379,,2881.55003,,2809.6775,,0 / 21,4010,2018-08-06 15:01:10:525
-0.919,6.933,5.812,-0.12076,7.02583,6.84058,-0.05788,-0.22027,0.74583,-0.27445,-0.36771,0.3316,57,14.136,13.284,-39.372,334.319,-41.678,-4.146,1,41.4236,12.926521,77.68379,,2881.55003,,2809.6775,,0 / 21,4510,2018-08-06 15:01:11:025
0.308,6.608,7.284,0.69079,6.65781,7.16706,-0.44384,-0.05863,0.13129,0.05169,-0.14535,0.07994,59,13.692,13.032,-39.126,333.196,-42.758,-5.505,1,39.8124,12.926521,77.68379,,2881.55003,,2809.6775,,0 / 21,5010,2018-08-06 15:01:11:525
2.391,3.641,5.911,1.8811,6.60282,7.00247,-0.4901,-0.55182,-0.84047,-0.30256,0.64122,1.27844,62,13.116,12.102,-39,324.649,-42.322,-15.037,1,41.0535,12.926521,77.68379,,2881.55003,,2809.6775,,0 / 21,5510,2018-08-06 15:01:12:025
1.378,3.503,10.396,2.15504,4.17675,8.60703,1.08496,-0.89675,2.07197,0.62217,-1.0409,-2.19478,128,17.28,7.734,-40.212,310.021,-25.208,-14.057,1,41.7999,12.926521,77.68379,,2881.55003,,2809.6775,,0 / 21,6010,2018-08-06 15:01:12:525
7.033,3.438,4.796,3.23566,6.11384,6.95139,3.77628,-2.03672,-2.98504,0.56848,1.82014,-0.02145,114,19.464,-2.208,-44.352,275.79,-31.587,-51.867,1,47.4446,12.926521,77.68379,,2881.55003,,2809.6775,,0 / 21,6510,2018-08-06 15:01:13:025
2.505,9.206,12.645,1.34776,6.72067,7.01331,1.46496,2.57357,5.49661,-1.14668,2.06821,0.6223,135,17.532,-10.458,-44.652,311.363,-42.913,-8.111,1,41.3639,12.926521,77.68379,,2881.55003,,2809.6775,,0 / 21,7010,2018-08-06 15:01:13:525
0.74,6.285,0.623,1.33677,7.59606,6.05668,-0.55998,-1.93968,-5.57273,-1.91021,0.48241,-0.07994,137,24.246,-17.016,-39.636,296.998,-51.139,-11.614,1,43.6639,12.926521,77.68379,,2881.55003,,2809.6775,,0 / 21,7510,2018-08-06 15:01:14:025
3.64,6.717,7.616,2.6957,6.36888,6.95276,1.1843,0.25012,0.75424,1.16707,0.68772,-0.73355,137,26.154,-16.956,-38.88,276.819,-40.5,-21.192,1,44.2008,12.926521,77.68379,,2881.55003,,2809.6775,,0 / 21,8010,2018-08-06 15:01:14:525
-4.791,5.943,6.903,-2.8754,5.31235,7.72537,-3.17914,-0.25239,-0.52596,1.13403,-0.84532,2.94351,153,28.716,-9.63,-37.722,319.611,-32.8,20.415,1,44.2876,12.926521,77.68379,,2881.55003,,2809.6775,,0 / 21,8510,2018-08-06 15:01:15:025
10.467,1.837,9.437,4.27126,5.89376,6.57193,3.86384,-1.65841,1.83317,2.57194,1.22649,-2.76765,133,21.984,-4.74,-41.586,269.99,-16.312,-41.268,1,40.7552,12.926521,77.68379,,2881.55003,,2809.6775,,0 / 21,9010,2018-08-06 15:01:15:525
0.284,5.015,3.023,1.13568,7.86488,5.74668,-0.85168,-2.84988,-2.72368,2.19078,3.2923,-4.2875,144,18.39,-3.642,-43.776,318.335,-53.321,-11.179,1,40.7552,12.926521,77.68379,,2881.55003,,2809.6775,,0 / 21,9510,2018-08-06 15:01:16:025
-0.519,9.062,3.096,-0.47767,9.23934,3.25219,-0.02207,-0.08829,-0.01829,0.05036,-0.03171,0.05556,124,32.946,-17.202,-30.114,313.434,-70.416,8.356,1,40.9828,12.926521,77.68379,,2881.55003,,2809.6775,,0 / 21,10010,2018-08-06 15:01:16:525
-0.296,7.574,6.82,2.38528,6.60525,6.84482,-1.16325,0.45892,0.389,-0.80336,-1.19971,-0.75806,148,29.46,-16.908,-32.346,272.054,-42.341,-19.212,1,41.854,12.926521,77.68379,,2881.55003,,2809.6775,,0 / 21,10510,2018-08-06 15:01:17:025
0.235,6.973,6.87,0.68591,6.92276,6.91197,-0.03399,0.09292,0.95026,0.51585,0.083,0.01878,51,19.992,-3.27,-37.446,308.325,-43.338,-9.732,1,41.0836,12.926521,77.68379,,2881.55003,,2809.6775,,0 / 21,11010,2018-08-06 15:01:17:525
0.763,7.381,7.396,0.85751,6.96676,6.84831,-0.15458,0.3249,0.64767,0.26792,-0.10019,0.10072,60,14.664,8.49,-38.796,328.111,-45.414,-7.246,1,39.5876,12.926521,77.68379,,2881.55003,,2809.6775,,0 / 21,11510,2018-08-06 15:01:18:025
0.196,5.083,7.992,-0.12624,6.43169,7.40188,0.56678,0.51136,1.63832,-2.98161,0.21863,0.74207,60,15.282,8.712,-37.368,334.069,-46.995,-1.546,1,38.4981,12.926521,77.68379,,2881.55003,,2809.6775,,0 / 21,12010,2018-08-06 15:01:18:525
0.017,1.828,10.456,1.66557,5.10543,8.20554,-1.75487,-3.76382,0.72191,0.01625,-0.92966,-1.46776,108,9.294,17.694,-32.784,333.805,-31.373,-11.474,1,44.6651,12.926521,77.68379,,2881.55003,,2809.6775,,0 / 21,12510,2018-08-06 15:01:19:025
1.476,5.387,7.618,1.1248,5.21976,8.22553,0.17139,0.39297,0.13293,-0.15707,-0.04636,0.16547,117,-2.892,25.008,-31.866,357.959,-32.159,-7.787,1,43.1818,12.926521,77.68379,,2881.55003,,2809.6775,,0 / 21,13010,2018-08-06 15:01:19:525
-0.143,4.837,8.413,1.45068,5.50517,7.98493,-1.57778,-1.15321,-0.30655,-0.23781,1.29736,1.33333,119,-11.418,25.17,-33.342,7.014,-34.151,-10.297,1,42.8163,12.926521,77.68379,,2881.55003,,2809.6775,,0 / 21,13510,2018-08-06 15:01:20:025
1.08,5.441,12.287,0.292,4.04439,8.92905,1.50262,-0.04055,0.7161,0.94591,0.65961,1.0878,105,-6.666,24.168,-32.7,9.448,-24.357,-1.873,1,46.6933,12.926521,77.68379,,2881.55003,,2809.6775,,0 / 21,14010,2018-08-06 15:01:20:525
1.664,7.068,7.625,1.13992,6.79223,6.98116,-0.10363,0.21757,-0.4369,-0.25859,-0.27365,0.24247,81,2.742,19.584,-34.254,347.704,-40.665,-8.545,1,39.8363,12.926521,77.68379,,2881.55003,,2809.6775,,0 / 21,14510,2018-08-06 15:01:21:025
0.817,6.42,6.703,0.67907,6.30291,7.48215,0.5217,0.13645,-0.82031,-0.03997,1.13363,0.32787,67,9.108,14.154,-36.132,337.84,-41.871,-7.511,1,38.3197,12.926521,77.68379,,2881.55003,,2809.6775,,0 / 21,15010,2018-08-06 15:01:21:525
-0.824,5.737,11.961,-0.77785,5.72612,7.92319,0.93648,0.06824,-1.14638,0.48042,-2.25393,-0.12643,58,19.044,13.38,-30.63,345.698,-29.036,19.914,1,38.7507,12.926521,77.68379,,2881.55003,,2809.6775,,0 / 21,15510,2018-08-06 15:01:22:025
0.751,6.209,7.741,-1.07087,5.58178,7.99171,-0.54541,-0.29083,-0.45518,1.44924,-2.55942,-0.33893,55,24.174,12.972,-27.642,322.552,-34.797,5.272,1,52.8326,12.926521,77.68379,,2881.55003,,2809.6775,,0 / 21,16010,2018-08-06 15:01:22:525
1.555,5.939,9.026,1.13871,5.44112,8.07886,-0.32006,0.07301,2.22185,0.20797,0.083,-0.08367,62,21.204,12.684,-31.746,315.672,-37.384,-10.501,1,36.4364,12.926521,77.68379,,2881.55003,,2809.6775,,0 / 21,16510,2018-08-06 15:01:23:025
1.662,6.135,6.369,1.61424,6.45383,7.20505,0.41535,0.50945,-1.99138,-0.89622,1.85438,-0.06168,54,17.514,15.024,-32.982,327.384,-29.019,-0.948,1,43.2471,12.926521,77.68379,,2881.55003,,2809.6775,,0 / 21,17010,2018-08-06 15:01:23:525
-1.732,3.66,12.421,-3.09814,3.67901,8.54616,1.36614,-0.01901,3.87484,0.76139,-1.58087,-0.28524,48,15.366,17.862,-32.664,343.049,-28.512,8.604,1,41.3909,12.926521,77.68379,,2881.55003,,2809.6775,,0 / 21,17510,2018-08-06 15:01:24:025
-1.94,2.95,5.125,-4.84129,2.29395,8.21402,2.90129,0.65605,-3.08902,-5.60831,8.02145,-0.68225,55,14.748,20.754,-31.704,335.112,-36.615,-2.666,1,38.3515,12.926521,77.68379,,2881.55003,,2809.6775,,0 / 21,18010,2018-08-06 15:01:24:525
2.299,4.047,8.341,-2.03653,2.99524,9.11326,4.63831,0.8802,0.75909,-1.72942,1.25207,-1.15135,60,13.566,26.052,-27.048,347.023,-17.784,12.597,1,40.4364,12.926521,77.68379,,2881.55003,,2809.6775,,0 / 21,18510,2018-08-06 15:01:25:025
-0.08,-2.808,10.592,-2.20097,0.94613,9.50952,-0.91623,-4.10067,1.28859,0.32894,0.93445,2.47202,64,2.79,32.22,-21.426,3.061,-5.536,13.032,1,38.0798,12.926521,77.68379,,2881.55003,,2809.6775,,0 / 21,19010,2018-08-06 15:01:25:525
0.254,4.285,9.29,-0.01538,3.49675,9.16204,0.88336,1.05351,0.76137,-0.01186,0.48361,0.3805,97,-1.638,31.962,-22.506,3.063,-20.89,0.096,1,37.9801,12.926521,77.68379,,2881.55003,,2809.6775,,0 / 21,19510,2018-08-06 15:01:26:025
1.176,4.062,9.205,0.88065,4.33458,8.7525,-0.40072,-0.31805,0.62343,0.22142,0.0012,0.10565,57,7.848,26.148,-29.514,343.134,-26.232,-5.746,1,38.4135,12.926521,77.68379,,2881.55003,,2809.6775,,0 / 21,20010,2018-08-06 15:01:26:525
0.407,4.61,7.892,0.64172,4.87929,8.4824,0.00623,-0.00483,0.15714,0.18359,-0.01958,0.10192,51,11.154,22.326,-32.622,338.887,-28.895,-4.267,1,49.8054,12.927643,77.683846,,2881.55003,,2809.6775,,0 / 21,20510,2018-08-06 15:01:27:025
0.647,4.812,8.593,0.66298,4.70951,8.57621,-0.08442,0.1,-0.025,0.14082,0.13669,0.07261,49,13.104,20.832,-33.222,334.816,-28.037,-4.845,1,37.837,12.927643,77.683846,,2887.893641,,2809.6775,,0 / 21,21010,2018-08-06 15:01:27:525
0.337,4.666,8.339,0.4061,4.76893,8.55937,-0.0171,-0.06893,-0.37237,0.18239,-0.04889,-0.31455,48,14.52,20.298,-33.09,332.322,-27.758,-3.69,1,41.4598,12.927643,77.683846,,2887.893641,,2809.6775,,0 / 21,21510,2018-08-06 15:01:28:025
0.596,5.157,8.264,0.49081,4.97643,8.43592,-0.07881,-0.06943,0.01509,0.12124,-0.29563,-0.23395,54,13.854,20.574,-32.886,335.203,-30.494,-3.33,1,40.3788,12.927643,77.683846,,2887.893641,,2809.6775,,0 / 21,22011,2018-08-06 15:01:28:526
0.486,5.441,8.517,0.7782,5.27469,8.23058,-0.2922,0.16631,0.28642,0.0834,-0.17959,-0.23634,100,8.166,21.9,-33.936,342.925,-32.539,-5.401,1,44.5074,12.927643,77.683846,,2887.893641,,2809.6775,,0 / 21,22510,2018-08-06 15:01:29:025
0.797,5.375,8.167,0.7735,5.37468,8.16609,-0.44483,-0.19028,-0.11699,0.09193,-0.15508,-0.10445,105,1.662,21.954,-34.518,351.946,-33.234,-5.411,1,40.8757,12.927643,77.683846,,2887.893641,,2809.6775,,0 / 21,23010,2018-08-06 15:01:29:525
0.584,5.125,8.455,0.66678,5.21521,8.27813,-0.18162,-0.13888,0.21269,-0.22315,-0.1624,0.16427,96,-3.3,21.942,-34.494,0.406,-32.127,-4.605,1,42.0518,12.927643,77.683846,,2887.893641,,2809.6775,,0 / 21,23510,2018-08-06 15:01:30:025
0.206,5.033,8.457,0.53064,5.28184,8.24566,-0.16561,-0.18368,0.16991,0.10778,0.34079,0.56741,103,-2.79,22.362,-34.356,0.722,-32.603,-4.261,1,40.0952,12.927643,77.683846,,2887.893641,,2809.6775,,0 / 21,24010,2018-08-06 15:01:30:525
0.651,5.782,7.77,0.54599,5.67451,7.97949,0.08701,0.05649,-0.27449,0.15188,0.35785,0.41713,79,0.174,21.6,-34.554,356.118,-34.765,-4.222,1,38.0705,12.927643,77.683846,,2887.893641,,2809.6775,,0 / 21,24510,2018-08-06 15:01:31:025
0.124,3.423,10.762,-0.05112,3.57493,9.13168,0.95129,0.11073,1.33403,-0.81561,0.98708,1.56062,47,9.894,17.85,-34.95,342.384,-28.924,-0.592,1,39.1399,12.927643,77.683846,,2887.893641,,2809.6775,,0 / 21,25010,2018-08-06 15:01:31:525
-1.809,2.336,9.221,-2.67486,2.71753,9.03496,0.87086,-0.38199,-0.18064,0.9984,-1.67732,0.49041,76,30.21,11.208,-21.744,309.817,-16.088,16.492,1,42.793,12.927643,77.683846,,2887.893641,,2809.6775,,0 / 21,25510,2018-08-06 15:01:32:025
-2.172,4.599,9.623,-2.21636,4.23286,8.56394,-0.12446,0.36437,0.88933,0.36438,-0.31402,-0.1203,125,40.422,3.39,-9.198,286.486,-25.571,14.51,1,38.899,12.927643,77.683846,,2887.893641,,2809.6775,,0 / 21,26010,2018-08-06 15:01:32:525
-1.605,4.418,10.18,-1.61066,4.22748,8.70084,0.0761,0.49137,1.45195,-0.67026,-0.37264,-0.10072,131,41.19,-0.402,-7.446,279.001,-25.536,10.488,1,37.486,12.927643,77.683846,,2887.893641,,2809.6775,,0 / 21,26510,2018-08-06 15:01:33:025
0.278,4.374,8.227,0.96333,5.1118,8.31335,-1.73688,-0.28701,0.09978,-1.23834,3.82867,0.15441,121,37.368,3.936,-14.298,280.805,-29.77,-9.198,1,38.4721,12.927643,77.683846,,2887.893641,,2809.6775,,0 / 21,27010,2018-08-06 15:01:33:525
2.513,5.829,8.548,2.23196,5.45698,7.83646,-8.80E-04,0.23708,1.14098,0.27764,-0.95164,-0.36824,58,32.694,9.36,-20.868,295.366,-30.304,-5.928,1,44.6136,12.927643,77.683846,,2887.893641,,2809.6775,,0 / 21,27511,2018-08-06 15:01:34:026
-1.984,3.803,7.685,0.3224,5.41524,8.16956,0.02763,0.08151,0.45784,-2.30123,4.85119,0.09099,122,27.78,11.544,-25.332,304.469,-35.488,-8.81,1,41.3348,12.927643,77.683846,,2887.893641,,2809.6775,,0 / 21,28010,2018-08-06 15:01:34:525
3.942,6.297,7.896,3.41053,6.3313,6.66733,-0.34255,0.30957,-1.47039,-2.12403,3.86291,0.26685,81,19.332,15.264,-30.312,305.424,-40.012,-29.484,1,41.6224,12.927643,77.683846,,2887.893641,,2809.6775,,0 / 21,28511,2018-08-06 15:01:35:026
1.84,6.179,6.215,1.90115,6.10535,7.4351,-0.06115,0.07365,-1.2201,-0.70197,1.77618,-0.01052,84,4.53,17.844,-33.978,338.582,-38.504,-14.343,1,45.1265,12.927643,77.683846,,2887.893641,,2809.6775,,0 / 21,29010,2018-08-06 15:01:35:525
-0.084,5.982,6.593,2.03742,6.49015,7.0638,-0.92173,-0.25825,-0.57062,0.92033,-2.18558,-0.44404,83,-4.254,18.342,-36.33,350.618,-41.438,-16.089,1,40.3876,12.927643,77.683846,,2887.893641,,2809.6775,,0 / 21,29510,2018-08-06 15:01:36:025
0.64,5.63,6.465,1.21894,5.41546,8.08439,-1.58413,-0.15298,-0.92906,-1.2542,2.47988,0.51119,106,-5.766,22.932,-32.904,1.539,-33.52,-8.574,1,43.7884,12.927643,77.683846,,2887.893641,,2809.6775,,0 / 21,30010,2018-08-06 15:01:36:525
0.073,5.533,9.931,1.40424,5.62657,7.90824,-1.12824,0.01443,2.53976,0.73701,-0.14175,0.26925,99,-6.894,24.522,-31.626,359.503,-37.168,-12.941,1,51.0826,12.927643,77.683846,,2887.893641,,2809.6775,,0 / 21,30510,2018-08-06 15:01:37:025
0.86,5.907,7.827,1.04834,5.9074,7.75719,-0.18178,0.01391,0.05805,0.08713,0.18798,0.34266,100,-6.822,21.894,-34.614,2.766,-37.046,-8.281,1,43.3229,12.927643,77.683846,,2887.893641,,2809.6775,,0 / 21,31010,2018-08-06 15:01:37:525
1.02,5.68,7.671,1.09836,5.7861,7.84124,-0.1589,-0.11759,0.00747,0.11271,0.12457,0.11777,93,-0.69,20.55,-35.538,353.119,-36.218,-8.916,1,42.6683,12.927643,77.683846,,2887.893641,,2809.6775,,0 / 21,31510,2018-08-06 15:01:38:025
0.85,5.674,7.831,1.01581,5.7821,7.85531,-0.15938,-0.12283,-0.01427,-0.03144,-0.13443,-0.13256,93,0.612,19.644,-35.64,351.42,-36.33,-7.372,1,41.1547,12.927643,77.683846,,2887.893641,,2809.6775,,0 / 21,32011,2018-08-06 15:01:38:526
1.012,5.842,7.68,1.13612,5.8762,7.76852,-0.46768,-0.30056,-0.39084,0.56355,-1.10685,-0.30349,91,0.324,19.47,-35.418,352.399,-35.884,-7.827,1,49.9051,12.927643,77.683846,,2887.893641,,2809.6775,,0 / 21,32510,2018-08-06 15:01:39:025
1.259,6.302,6.709,1.63172,6.34971,7.29309,-0.29643,-0.10781,-0.21596,-0.35385,0.45803,-0.18505,93,-2.1,19.212,-35.352,351.229,-40.353,-12.611,1,38.8613,12.927643,77.683846,,2887.893641,,2809.6775,,0 / 21,33010,2018-08-06 15:01:39:525
1.703,6.956,6.184,1.98087,6.96381,6.61453,-0.3654,-0.05377,-0.12086,-0.12044,0.28577,-0.06288,120,-10.392,17.934,-35.424,358.588,-44.814,-17.436,1,41.3918,12.927643,77.683846,,2887.893641,,2809.6775,,0 / 21,33510,2018-08-06 15:01:40:025
0.593,5.777,8.145,1.1025,5.92188,7.73862,0.39722,0.11693,1.8405,0.89462,-1.91926,-0.36704,107,-14.97,16.986,-34.482,19.608,-37.53,-4.306,1,39.3711,12.927643,77.683846,,2887.893641,,2809.6775,,0 / 21,34010,2018-08-06 15:01:40:525
-1.258,4.559,9.808,-1.7391,4.57407,8.49846,1.82883,0.62436,0.36429,-1.38862,2.0425,-0.27298,118,-15.606,18.588,-33.222,36.26,-27.802,11.565,1,45.1416,12.927643,77.683846,,2887.893641,,2809.6775,,0 / 21,34510,2018-08-06 15:01:41:025
0.587,4.403,9.248,1.82533,6.23914,7.34246,-0.90132,-1.46612,3.36034,0.98508,-5.33999,-1.70357,122,-20.478,18.744,-30.072,26.79,-37.752,-4.917,1,38.6206,12.927643,77.683846,,2887.893641,,2809.6775,,0 / 21,35010,2018-08-06 15:01:41:525
0.296,7.098,8.864,1.72003,7.05569,6.59008,0.55107,0.66322,1.05461,0.57088,-2.40914,-0.55516,114,-29.058,15.384,-26.286,47.529,-40.036,2.256,1,40.1457,12.927643,77.683846,,2887.893641,,2809.6775,,0 / 21,35510,2018-08-06 15:01:42:025
-6.936,4.208,7.705,-5.25943,4.88954,6.67841,-1.70761,-0.72226,1.03216,-0.02292,1.52092,1.19411,119,-37.848,8.4,-20.034,82.468,-31.556,30.683,1,41.4411,12.927643,77.683846,,2887.893641,,2809.6775,,0 / 21,36011,2018-08-06 15:01:42:526
-3.743,6.092,4.191,-2.6073,7.56624,5.66784,-1.224,-0.57626,-0.63899,-3.80149,5.74674,1.40914,99,-26.202,7.674,-26.844,59.621,-52.715,17.216,1,38.3573,12.927643,77.683846,,2887.893641,,2809.6775,,0 / 21,36511,2018-08-06 15:01:43:026
0.002,7.391,6.272,-1.28077,7.39131,6.31653,1.21264,0.05123,-0.34673,-0.2879,0.94671,0.42686,136,-4.668,13.248,-36.486,17.768,-48.425,9.815,1,42.5062,12.927643,77.683846,,2887.893641,,2809.6775,,0 / 21,37010,2018-08-06 15:01:43:525
0.248,6.691,6.031,-1.2298,7.11062,6.64056,-0.50761,-0.2494,0.66963,-0.57501,-0.14908,-0.20703,104,6.138,13.158,-35.334,2.245,-50.249,11.98,1,41.8697,12.927643,77.683846,,2887.893641,,2809.6775,,0 / 21,37510,2018-08-06 15:01:44:025
-3.535,5.683,6.96,-1.17729,6.18781,7.51634,-0.2326,-0.81852,0.0583,-0.68252,0.20517,-0.16427,90,13.212,13.482,-33.396,346.378,-39.123,8.902,1,37.5802,12.927643,77.683846,,2887.893641,,2809.6775,,0 / 21,38010,2018-08-06 15:01:44:525
-1.624,3.935,10.66,-0.97468,3.83498,8.97292,0.50119,-0.1693,0.84442,0.19704,0.24913,0.1704,104,15.6,15.462,-31.374,334.671,-23.02,6.199,1,47.3789,12.927643,77.683846,,2887.893641,,2809.6775,,0 / 21,38510,2018-08-06 15:01:45:025
0.364,4.788,8.456,0.31159,4.87182,8.50522,0.06449,-0.14397,0.4002,0.30576,-0.16493,-0.1692,50,20.394,19.746,-26.208,324.998,-29.788,-2.098,0,39.1458,12.927643,77.683846,,2887.893641,,2809.6775,,0 / 21,39010,2018-08-06 15:01:45:525
0.462,5.338,8.378,0.4885,5.45106,8.13743,0.00461,-0.15863,0.26947,0.00893,-0.22968,-0.54783,55,19.236,19.02,-27.924,325.761,-33.297,-3.738,0,41.4226,12.927643,77.683846,,2887.893641,,2809.6775,,0 / 21,39510,2018-08-06 15:01:46:025
0.922,6.292,8.483,0.15979,6.07974,7.69296,0.3798,-0.17942,0.59121,0.2129,-0.44951,-1.04143,117,13.806,18.51,-31.788,336.252,-37.762,-1.977,0,40.1549,12.927643,77.683846,,2887.893641,,2809.6775,,0 / 21,40010,2018-08-06 15:01:46:525
-1.483,5.762,6.139,-1.11078,6.30109,7.43188,-0.49244,-0.66916,-0.9387,-0.41367,-0.65721,-1.03171,111,0.402,18.63,-34.494,7.912,-39.981,8.501,0,37.5141,12.927643,77.683846,,2887.893641,,2809.6775,,0 / 21,40510,2018-08-06 15:01:47:025
-0.787,4.215,8.561,-1.06367,3.62226,9.05087,1.1915,0.67388,2.24488,-0.421,-0.82214,-0.7971,72,-16.044,20.454,-32.742,37.578,-22.211,12.256,0,57.2007,12.927643,77.683846,,2887.893641,,2809.6775,,0 / 21,41010,2018-08-06 15:01:47:525
-4.659,6.873,2.567,-3.21081,8.34872,4.01995,-1.64236,-1.39413,-1.19582,1.22569,0.85385,-0.28764,116,-30.144,11.712,-26.088,74.715,-56.03,33.828,0,52.7865,12.927643,77.683846,,2887.893641,,2809.6775,,0 / 21,41510,2018-08-06 15:01:48:025
1.587,0.828,13.51,0.95437,3.23465,9.20851,2.23527,-1.13364,3.92344,-3.19797,2.86957,4.90075,116,-31.056,2.808,-26.928,65.567,-19.259,-5.917,0,39.2813,12.927643,77.683846,,2887.893641,,2809.6775,,0 / 21,42010,2018-08-06 15:01:48:525
-2.747,-0.434,14.174,-4.02526,-0.21713,8.93983,0.81891,-0.26386,5.04023,-0.67879,0.88436,1.43845,83,-5.73,12.912,-26.13,36.256,-9.334,14.283,0,40.4071,12.927643,77.683846,,2887.893641,,2809.6775,,0 / 21,42510,2018-08-06 15:01:49:025
-0.465,2.811,14.908,-2.75849,1.68535,9.25855,2.36749,1.64565,3.93945,-0.6263,1.73221,1.62776,48,18.474,26.82,-19.278,331.716,-24.217,1.378,0,39.8004,12.927643,77.683846,,2887.893641,,2809.6775,,0 / 21,43010,2018-08-06 15:01:49:525
0.04,5.371,9.911,-0.59058,4.5235,8.68099,0.75358,0.7845,0.38601,0.89702,-0.97495,-0.13989,49,22.548,20.124,-23.064,323.641,-27.469,3.892,0,53.9732,12.927643,77.683846,,2887.893641,,2809.6775,,0 / 21,43510,2018-08-06 15:01:50:025
-0.162,4.623,9.649,-0.01048,4.90741,8.49044,-0.26152,-0.19241,0.46456,0.73701,-0.88942,-0.53451,49,23.856,15.738,-25.494,319.408,-24.062,4.634,0,46.2344,12.927643,77.683846,,2887.893641,,2809.6775,,0 / 21,44010,2018-08-06 15:01:50:525
-0.686,5.292,7.932,0.9073,6.21248,7.53341,-0.0913,0.19952,-0.70441,1.57874,-1.97908,-1.1307,42,19.572,16.77,-29.16,323.446,-32.374,-3.372,0,49.5134,12.927643,77.683846,,2887.893641,,2809.6775,,0 / 21,44510,2018-08-06 15:01:51:025
-0.828,5.518,7.609,0.45903,5.94331,7.78696,0.98905,0.83989,1.59333,0.91167,-0.77205,-0.65787,121,10.938,19.47,-32.184,343.789,-30.388,2.595,0,47.7966,12.927643,77.683846,,2887.893641,,2809.6775,,0 / 21,45010,2018-08-06 15:01:51:525
-0.738,6.043,8.084,-0.03953,6.42781,7.40622,-1.13905,-0.50032,-0.07321,0.33507,0.11351,0.1263,123,0.672,20.52,-33.816,1.69,-35.866,3.521,0,42.1575,12.927643,77.683846,,2887.893641,,2809.6775,,0 / 21,45511,2018-08-06 15:01:52:026
0.12,6.86,7.283,-0.06625,6.47752,7.36259,0.93776,0.5058,-0.13662,0.25566,-0.27724,0.16906,124,-2.64,19.806,-34.776,5.167,-41.768,0.745,0,40.725,12.927643,77.683846,,2887.893641,,2809.6775,,0 / 21,46010,2018-08-06 15:01:52:525
-0.449,5.402,8.037,-1.03215,5.30665,8.18196,-0.19731,-0.38822,-0.0018,-1.26152,1.9106,1.30655,125,2.886,18.516,-34.854,2.299,-32.76,7.19,0,40.9879,12.927643,77.683846,,2887.893641,,2809.6775,,0 / 21,46510,2018-08-06 15:01:53:025
1.097,6.622,5.898,0.99201,6.4593,7.31189,0.88494,0.33926,0.37883,-0.67026,0.43485,0.45257,64,10.65,17.874,-33.582,336.008,-41.198,-7.726,0,38.7452,12.927643,77.683846,,2887.893641,,2809.6775,,0 / 21,47010,2018-08-06 15:01:53:525
2.303,5.268,7.092,2.20203,5.43346,7.86123,0.10273,-0.16987,-0.35648,0.21902,-0.32987,0.07261,64,12.906,16.05,-34.578,324.998,-33.069,-14.122,0,39.1558,12.927643,77.683846,,2887.893641,,2809.6775,,0 / 21,47510,2018-08-06 15:01:54:025
2.134,3.584,7.463,0.77453,5.375,8.16577,-3.17706,-0.07405,0.72197,0.18119,1.58926,0.3304,62,11.454,14.532,-37.926,330.224,-32.816,-11.111,0,40.8699,12.927643,77.683846,,2887.893641,,2809.6775,,0 / 21,48010,2018-08-06 15:01:54:525
3.876,2.297,9.134,1.51106,3.08991,9.18366,1.35053,0.27652,-0.12397,1.88423,-0.37623,1.83666,117,18.852,14.028,-36.966,303.897,-7.083,-12.491,0,44.4392,12.927643,77.683846,,2887.893641,,2809.6775,,0 / 21,48510,2018-08-06 15:01:55:025
3.097,3.442,7.514,1.68787,3.81843,8.87362,1.42253,-0.38097,-1.3602,-0.18519,-0.68052,0.22289,145,29.676,7.482,-32.982,294.284,-20.286,-10.261,0,41.0176,12.927643,77.683846,,2887.893641,,2809.6775,,0 / 21,49010,2018-08-06 15:01:55:525
2.126,4.394,4.778,0.88509,4.15408,8.83915,0.1641,-0.30541,-3.27315,-2.53211,-1.03104,-1.22715,158,35.358,-3.624,-28.044,279.374,-29.7,-11.696,0,40.548,12.927643,77.683846,,2887.893641,,2809.6775,,0 / 21,49510,2018-08-06 15:01:56:025
0.476,4.93,8.309,0.46123,4.89628,8.48434,0.01477,0.03372,-0.17534,0.22515,-0.09526,-0.41966,126,33.996,2.082,-27.084,291.949,-29.953,-3.112,0,38.5696,12.927643,77.683846,,2887.893641,,2809.6775,,0 / 21,50010,2018-08-06 15:01:56:525
0.185,5.316,8.11,0.5168,5.46553,8.12596,-0.3318,-0.14953,-0.01596,0.081,-0.31761,-0.51372,67,29.028,10.578,-30.432,308.629,-33.084,-3.501,0,39.3713,12.927643,77.683846,,2887.893641,,2809.6775,,0 / 21,50510,2018-08-06 15:01:57:025
0.945,5.401,8.575,0.89746,5.66862,7.95184,-0.08846,-0.16562,0.38516,0.27764,-0.16973,-0.37197,56,20.46,14.946,-34.674,323.384,-33.873,-4.999,0,38.302,12.927643,77.683846,,2887.893641,,2809.6775,,0 / 21,51010,2018-08-06 15:01:57:525
0.287,6.198,7.591,0.3865,6.3603,7.45437,-0.30595,-0.05578,0.04627,-0.04237,0.05369,0.06035,51,12.894,19.734,-35.31,338.371,-40.705,-3.09,0,38.3143,12.927643,77.683846,,2887.893641,,2809.6775,,0 / 21,51510,2018-08-06 15:01:58:025
0.623,6.237,7.908,0.47799,6.88384,6.96812,0.82883,-0.52312,0.05845,0.38396,0.85625,1.10618,56,11.718,19.788,-34.674,341.229,-42.519,-1.594,0,37.8001,12.927643,77.683846,,2887.893641,,2809.6775,,0 / 21,52010,2018-08-06 15:01:58:525
0.491,6.835,6.851,0.41639,6.80716,7.04695,0.31979,-0.00416,-0.71464,0.10658,0.41034,0.41473,44,22.866,10.776,-30.75,318.942,-43.959,-3.382,0,45.7583,12.927643,77.683846,,2887.893641,,2809.6775,,0 / 21,52510,2018-08-06 15:01:59:025
3.094,6.837,7.1,0.46745,6.80318,7.0476,0.15145,-0.88575,-0.64139,0.37543,-0.02438,-0.68718,146,32.37,3.726,-23.142,297.39,-43.926,-3.795,0,38.5273,12.927643,77.683846,,2887.893641,,2809.6775,,0 / 21,53010,2018-08-06 15:01:59:525
-0.01,6.694,7.22,0.485,6.80786,7.04189,-0.23137,-0.20007,-0.01238,0.04676,-0.32734,-0.35119,148,35.346,1.764,-19.026,289.643,-43.964,-3.94,0,47.0104,12.927643,77.683846,,2887.893641,,2809.6775,,0 / 21,53511,2018-08-06 15:02:00:026
-0.465,6.821,7.902,0.72494,6.77901,7.04911,-0.97751,-0.02428,-0.57593,0.17866,-0.03051,-0.77018,107,34.59,3.228,-20.034,290.039,-43.73,-5.872,0,37.3377,12.927643,77.683846,,2887.893641,,2809.6775,,0 / 21,54010,2018-08-06 15:02:00:525
0.25,6.666,7.147,0.60912,6.83903,7.00193,-0.44615,-0.16114,0.05299,-0.02172,-0.48375,-0.42326,59,26.46,10.392,-27.762,311.484,-44.218,-4.972,0,38.1701,12.927643,77.683846,,2887.893641,,2809.6775,,0 / 21,54510,2018-08-06 15:02:01:025
0.644,6.361,7.62,0.83591,6.40992,7.37459,-0.18765,-0.04608,0.24246,-0.1608,-0.12217,0.05063,62,15.306,16.38,-32.994,331.245,-42.056,-5.456,0,41.4993,12.927643,77.683846,,2887.893641,,2809.6775,,0 / 21,55011,2018-08-06 15:02:01:526
0.165,5.81,7.609,0.89939,5.99719,7.70683,-0.75838,-0.1428,0.0264,0.15548,0.38356,-0.20943,68,5.346,20.748,-34.26,346.434,-37.701,-6.656,0,41.777,12.927643,77.683846,,2887.893641,,2809.6775,,0 / 21,55512,2018-08-06 15:02:02:027
0.346,5.987,7.482,0.17453,6.04675,7.7186,0.30335,-0.10166,0.03391,0.00893,0.39688,0.50506,55,6.69,21.726,-33.228,348.443,-38.249,-1.203,0.39,36.8645,12.927643,77.683846,,2887.893641,,2809.6775,,0 / 21,56010,2018-08-06 15:02:02:525
4.612,2.697,9.341,3.06611,3.46496,8.64658,2.09827,-1.32283,1.04062,0.22262,0.21863,0.46483,58,12.816,21.672,-31.476,323.555,-23.2,-18.718,0.39,44.0938,12.927643,77.683846,,2887.893641,,2809.6775,,0 / 21,56510,2018-08-06 15:02:03:025
2.193,3.99,9.128,2.49696,3.8042,8.68698,-0.48781,0.52864,0.11344,0.27525,-0.07327,0.00786,65,17.028,20.574,-31.224,319.429,-22.528,-15.933,0.39,39.1416,12.927643,77.683846,,2887.893641,,2809.6775,,0 / 21,57010,2018-08-06 15:02:03:525
0.547,4.726,8.882,-0.67167,4.66402,8.60036,1.13286,-0.11344,-0.75994,1.93672,2.921,1.08047,110,18.528,20.52,-30.906,320.068,-19.404,-10.098,0.39,36.863,12.927643,77.683846,,2887.893641,,2809.6775,,0 / 21,57510,2018-08-06 15:02:04:025
2.172,3.934,6.97,-2.9169,6.90303,6.32536,5.85704,-3.47698,11.00504,-6.14095,-8.09739,-0.89608,88,28.614,11.604,-13.254,48.04,-62.881,118.383,0.39,40.6699,12.927643,77.683846,,2887.893641,,2809.6775,,0 / 21,58010,2018-08-06 15:02:04:525
-2.969,8.962,1.057,-3.29343,9.04606,1.86886,0.78715,-0.35858,-0.73552,-0.30256,-0.82094,0.00546,124,41.418,-2.85,14.97,322.517,-68.56,75.474,0.39,44.1084,12.927643,77.683846,,2887.893641,,2809.6775,,0 / 21,58510,2018-08-06 15:02:05:025
-2.708,6.799,6.367,-1.75603,6.66296,6.97795,-0.76484,0.53036,-1.71392,-0.67639,-1.16187,-0.25593,150,43.182,-2.538,11.262,267.009,-42.799,14.125,0.39,42.0271,12.927643,77.683846,,2887.893641,,2809.6775,,0 / 21,59010,2018-08-06 15:02:05:525
-4.906,7.991,-1.309,-3.23457,8.3472,4.00402,-0.27161,-0.27435,-2.30365,-2.23035,-3.89955,0.28644,57,36.516,6.954,-14.826,329.905,-58.34,38.932,0.39,43.1728,12.927643,77.683846,,2887.893641,,2809.6775,,0 / 21,59510,2018-08-06 15:02:06:025
0.67,5.753,8.304,0.76805,5.9084,7.78918,-0.44628,-0.12044,-1.2958,-0.11684,0.44698,0.11657,59,22.386,16.398,-31.08,320.32,-37.048,-5.631,0.39,42.0727,12.927643,77.683846,,2887.893641,,2809.6775,,0 / 21,60010,2018-08-06 15:02:06:525
4.413,1.648,12.838,3.07255,2.47653,8.97756,2.04274,-1.36988,2.20871,1.77418,1.75793,-0.00187,50,11.568,24.336,-33.906,323.629,-14.628,-18.893,0.39,40.1561,12.927082,77.683815,,2887.893641,,2809.6775,,0 / 21,60511,2018-08-06 15:02:07:026
-1.381,6.471,7.567,-2.26486,7.08189,6.39434,0.52164,-0.65464,0.99849,-0.59699,-0.70983,0.31322,57,18.018,21.906,-30.6,356.041,-49.702,25.547,0.39,47.7778,12.927082,77.683815,,2884.234135,,2809.6775,,0 / 21,61010,2018-08-06 15:02:07:525
-0.965,6.513,7.657,-1.28063,6.50582,7.22528,0.22494,-0.21016,0.24335,0.01372,-0.06355,0.06888,53,25.866,16.122,-27.732,329.593,-42.209,11.612,0.39,39.4397,12.927082,77.683815,,2884.234135,,2809.6775,,0 / 21,61510,2018-08-06 15:02:08:025
1.317,6.13,8.799,0.18905,6.24211,7.56113,-0.17512,-0.1759,1.00582,-0.24021,-1.12763,-0.09339,53,27.696,14.802,-28.488,315.248,-39.533,-1.432,0.39,47.0411,12.927082,77.683815,,2884.234135,,2809.6775,,0 / 21,62010,2018-08-06 15:02:08:525
-4.895,4.556,8.968,-4.08702,4.30671,7.80506,-0.2242,-0.22541,1.25259,0.2935,0.06954,-0.2534,60,21.528,20.022,-29.088,352.611,-28.241,30.081,0.39,45.1391,12.927082,77.683815,,2884.234135,,2809.6775,,0 / 21,62510,2018-08-06 15:02:09:025
-4.306,4.769,7.201,-4.34408,4.63039,7.47388,0.15787,0.07248,-0.14884,0.04063,0.01332,-0.02385,55,12.798,28.542,-28.686,4.707,-28.175,30.167,0.39,48.1187,12.927082,77.683815,,2884.234135,,2809.6775,,0 / 21,63010,2018-08-06 15:02:09:525
-4.772,4.462,7.342,-4.57985,4.5375,7.38962,-0.18738,-0.08473,-0.03898,0.03944,-0.05129,-0.01785,58,8.604,33.084,-27.81,9.534,-27.634,31.854,0.39,44.6259,12.927082,77.683815,,2884.234135,,2809.6775,,0 / 21,63510,2018-08-06 15:02:10:025
-4.124,4.65,7.771,-4.17414,4.61704,7.57825,0.01013,0.13751,0.62328,-0.12417,-0.10498,0.27658,61,8.802,32.328,-28.092,8.401,-28.172,29.93,0.39,39.0109,12.927082,77.683815,,2884.234135,,2809.6775,,0 / 21,64010,2018-08-06 15:02:10:525
-4.297,4.831,7.612,-4.03634,4.71367,7.59339,-0.0652,0.19633,-0.01929,0.01745,-0.08673,0.02132,55,10.356,31.848,-28.332,6.203,-28.712,28.523,0.39,41.5885,12.927082,77.683815,,2884.234135,,2809.6775,,0 / 21,64510,2018-08-06 15:02:11:025
-3.879,4.845,7.748,-3.90915,4.61286,7.72078,-0.01065,0.20848,0.02085,0.04303,-0.06102,0.07994,53,11.154,31.848,-28.29,3.831,-28.059,26.854,0.39,44.5809,12.927082,77.683815,,2884.234135,,2809.6775,,0 / 21,65010,2018-08-06 15:02:11:525
-4.391,4.073,6.735,-3.6281,4.60348,7.86227,-0.53988,-0.21692,-1.82594,-0.11924,0.84532,-1.23075,50,10.872,31.608,-27.972,2.358,-27.997,24.771,0.39,41.7688,12.927082,77.683815,,2884.234135,,2809.6775,,0 / 21,65510,2018-08-06 15:02:12:025
4.792,5.273,4.705,1.21426,5.76268,7.8414,2.24733,-0.19686,-1.94164,0.8372,-3.64548,2.76392,124,13.158,32.322,-26.298,337.095,-35.989,-8.802,0.39,40.9832,12.927082,77.683815,,2884.234135,,2809.6775,,0 / 21,66010,2018-08-06 15:02:12:525
-8.889,5.39,11.784,-1.96878,4.95288,8.23185,-3.83475,0.73434,3.35767,-0.36358,-0.43485,0.32427,51,15.3,26.376,-28.53,348.47,-30.335,13.451,0.39,39.3872,12.927082,77.683815,,2884.234135,,2809.6775,,0 / 21,66510,2018-08-06 15:02:13:025
-2.753,7.641,3.791,-0.98131,7.87483,5.76146,-0.06899,-0.55898,-1.52253,-0.62137,-1.17772,-1.01332,129,18.822,16.902,-32.532,341.233,-53.418,9.666,0.39,40.0068,12.927082,77.683815,,2884.234135,,2809.6775,,0 / 21,67010,2018-08-06 15:02:13:525
1.019,7.083,6.773,-0.14548,6.73972,7.12218,0.14191,0.26257,-0.97755,-1.83813,0.53371,1.69624,163,28.812,9.948,-30.966,330.452,-47.729,15.583,0.39,39.8237,12.927082,77.683815,,2884.234135,,2809.6775,,0 / 21,67510,2018-08-06 15:02:14:025
4.402,3.291,8.024,3.234,4.17693,8.26226,2.176,-1.33793,-0.34325,-0.58473,-3.2558,3.2478,120,33.45,8.526,-33.954,290.944,-25.209,-21.376,0.39,50.8094,12.927082,77.683815,,2884.234135,,2809.6775,,0 / 21,68010,2018-08-06 15:02:14:525
0.527,6.096,7.968,0.68873,6.17547,7.5868,0.04527,-0.14147,0.2082,-0.32454,0.14522,0.2534,137,29.676,6.57,-38.892,310.161,-39.03,-5.187,0.39,45.6668,12.927082,77.683815,,2884.234135,,2809.6775,,0 / 21,68510,2018-08-06 15:02:15:025
0.573,5.822,7.616,0.50899,5.89163,7.82305,-0.01499,-0.02562,-0.04905,-0.09726,-0.03544,0.01759,131,29.412,-1.416,-39.66,305.138,-37.277,-3.778,0.39,42.9686,12.927082,77.683815,,2884.234135,,2809.6775,,0 / 21,69011,2018-08-06 15:02:15:526
0.331,5.87,7.806,0.45557,5.70625,7.96251,-0.13857,0.16475,-0.07451,0.05036,0.0036,0.0409,128,31.146,-1.842,-38.346,300.254,-35.414,-3.289,0.39,40.4289,12.927082,77.683815,,2884.234135,,2809.6775,,0 / 21,69510,2018-08-06 15:02:16:025
0.312,5.896,7.98,0.26204,5.78013,7.91782,0.04948,0.11539,0.06255,0.05169,0.10005,0.03357,128,31.458,-1.65,-38.28,301.34,-35.99,-2.538,0.39,40.6532,12.927082,77.683815,,2884.234135,,2809.6775,,0 / 21,70010,2018-08-06 15:02:16:525
0.343,5.675,8.233,0.19135,5.58842,8.05626,0.15887,0.07131,0.18719,-0.09113,0.01452,0.07021,128,32.01,-1.542,-37.428,300.401,-35.243,-1.343,0.39,41.9219,12.927082,77.683815,,2884.234135,,2809.6775,,0 / 21,70510,2018-08-06 15:02:17:025
0.448,5.426,8.262,0.29745,5.31134,8.23842,0.1473,0.11316,0.02466,-0.19504,-0.17106,0.02611,128,32.058,-1.026,-37.566,299.802,-32.793,-2.068,0.39,41.5962,12.927082,77.683815,,2884.234135,,2809.6775,,0 / 21,71011,2018-08-06 15:02:17:526
0.461,5.277,8.073,0.31926,5.1952,8.31134,0.13287,0.0627,-0.15192,-0.10578,0.02798,0.00786,124,32.124,-0.696,-37.326,298.44,-31.989,-2.2,0.39,40.3972,12.927082,77.683815,,2884.234135,,2809.6775,,0 / 21,71510,2018-08-06 15:02:18:025
0.556,4.991,8.215,0.21842,4.99374,8.43714,0.18211,0.04756,-0.39114,0.0822,-0.16973,-0.07381,123,32.13,-0.45,-37.326,299.2,-30.612,-1.483,0.39,38.9214,12.927082,77.683815,,2884.234135,,2809.6775,,0 / 21,72010,2018-08-06 15:02:18:525
0.171,5.223,8.447,0.02596,5.12795,8.35906,0.14202,0.09444,0.08833,0.03091,-0.1283,-0.06528,122,32.538,-0.132,-37.326,300.281,-31.221,0.134,0.39,41.1417,12.927082,77.683815,,2884.234135,,2809.6775,,0 / 21,72510,2018-08-06 15:02:19:025
0.175,5.463,7.633,0.08336,5.10478,8.37286,0.42241,0.20193,-0.60324,0.56715,0.36637,0.16427,116,32.586,0.222,-37.428,297.737,-29.863,-1.709,0.39,39.3206,12.927082,77.683815,,2884.234135,,2809.6775,,0 / 21,73010,2018-08-06 15:02:19:525
0.316,5.774,7.95,0.19692,5.62083,8.03355,0.09601,0.16753,-0.02246,-0.00946,0.12204,0.0469,116,32.532,0.162,-37.788,301.558,-34.644,-1.815,0.39,43.6826,12.927082,77.683815,,2884.234135,,2809.6775,,0 / 21,73510,2018-08-06 15:02:20:025
0.299,5.445,8.617,0.1606,5.34059,8.2233,0.34922,0.21957,-0.32445,-0.21583,0.04996,0.1251,112,32.358,0.126,-37.944,301.867,-32.997,-1.119,0.39,41.7054,12.927082,77.683815,,2884.234135,,2809.6775,,0 / 21,74010,2018-08-06 15:02:20:525
3.947,5.089,5.73,1.95321,7.53721,5.96203,0.92879,-1.99921,-0.61203,1.23794,1.18492,1.73168,143,30.984,-3.162,-37.368,293.346,-50.227,-18.139,0.39,38.7004,12.927082,77.683815,,2884.234135,,2809.6775,,0 / 21,74510,2018-08-06 15:02:21:025
-0.776,7.708,0.524,-1.69862,9.637,0.64292,1.44062,-2.037,2.16308,0.40834,-0.06475,-0.08247,122,30.414,-17.19,-26.424,22.257,-79.327,69.269,0.39,38.211,12.927082,77.683815,,2884.234135,,2809.6775,,0 / 21,75010,2018-08-06 15:02:21:525
2.766,7.845,10.809,0.07318,8.65207,4.61591,2.32082,-1.08707,3.81609,-0.87303,0.41154,0.02012,121,34.584,-35.802,-0.456,243.515,-61.917,-0.908,0.39,49.1381,12.927082,77.683815,,2884.234135,,2809.6775,,0 / 21,75510,2018-08-06 15:02:22:025
-3.204,8.406,-6.465,-2.42827,9.11775,-2.67216,-0.77573,-0.71175,-3.79284,-0.98668,-0.0024,0.24114,67,37.818,-34.44,7.548,42.556,-72.225,132.406,0.39,46.3194,12.927082,77.683815,,2884.234135,,2809.6775,,0 / 21,76010,2018-08-06 15:02:22:525
0.205,8.621,1.353,0.12033,8.61581,4.68228,0.70867,-0.59781,1.94472,2.22262,-0.43125,-0.22902,132,37.656,-34.806,2.844,237.158,-49.85,0.617,0.39,40.5837,12.927082,77.683815,,2884.234135,,2809.6775,,0 / 21,76510,2018-08-06 15:02:23:025
0.673,9.233,0.913,1.23559,9.04904,3.57193,1.53341,-0.64804,-0.78093,0.67839,-1.56128,-0.62723,113,36.858,-37.806,-6.432,240.876,-67.331,-19.081,0.39,46.7569,12.927082,77.683815,,2884.234135,,2809.6775,,0 / 21,77010,2018-08-06 15:02:23:525
0.666,8.595,3.493,0.45498,9.2557,3.20865,-1.39598,-0.0247,-2.18965,0.60512,0.15388,-0.34759,132,35.496,-36.756,-12.606,262.632,-70.703,-8.071,0.39,51.8548,12.927082,77.683815,,2884.234135,,2809.6775,,0 / 21,77510,2018-08-06 15:02:24:025
1.156,9.047,2.834,0.56281,9.25919,3.18135,1.04419,-0.43819,1.54465,0.38156,0.28697,-0.44031,110,34.824,-35.802,-16.866,267.229,-70.765,-10.032,0.39,52.9397,12.927082,77.683815,,2884.234135,,2809.6775,,0 / 21,78010,2018-08-06 15:02:24:525
1.686,9.29,4.586,0.42665,9.2193,3.31556,-0.31365,-0.0143,0.62744,0.52198,-0.04157,-0.08979,83,34.956,-35.706,-17.13,269.037,-70.069,-7.333,0.39,59.434,12.927082,77.683815,,2884.234135,,2809.6775,,0 / 21,78510,2018-08-06 15:02:25:025
0.772,9.105,4.903,0.37547,9.21817,3.32488,-0.03847,-0.12817,0.63012,-0.27445,0.03171,0.18745,97,35.076,-35.292,-17.028,271.757,-71.591,-6.644,0.39,50.0933,12.927082,77.683815,,2884.234135,,2809.6775,,0 / 21,79010,2018-08-06 15:02:25:525
1.159,9.448,6.26,0.67961,9.18072,3.37978,2.10939,-0.42372,0.08122,-0.37943,0.22102,0.1263,97,35.28,-35.142,-16.788,273.27,-71.165,-4.617,0.39,42.1549,12.927082,77.683815,,2884.234135,,2809.6775,,0 / 21,79510,2018-08-06 15:02:26:025
0.547,8.894,8.713,0.69807,8.53125,4.78549,-0.72252,0.19192,3.0802,1.26845,0.33946,-0.80202,99,35.964,-34.56,-16.932,259.37,-60.452,-8.299,0.39,47.7566,12.927082,77.683815,,2884.234135,,2809.6775,,0 / 21,80010,2018-08-06 15:02:26:525
-0.749,8.815,1.845,-0.50324,9.42164,2.67393,-0.72857,-0.49126,-1.72277,1.75833,0.43112,-0.86064,110,36.516,-34.05,-16.59,291.66,-73.892,10.659,0.39,48.2402,12.927082,77.683815,,2884.234135,,2809.6775,,0 / 21,80510,2018-08-06 15:02:27:025
1.184,8.768,5.575,0.49426,8.98792,3.89144,-1.06298,-0.6972,-1.97298,-1.80149,-0.21383,0.84959,95,37.884,-33.294,-15.636,297.977,-78.175,14.125,0.39,48.0853,12.927082,77.683815,,2884.234135,,2809.6775,,0 / 21,81010,2018-08-06 15:02:27:525
-1.461,9.074,-0.808,0.14692,9.32095,3.04445,-0.50141,-0.20513,-0.0712,1.2073,0.07927,-0.47708,98,37.326,-34.158,-15.396,265.914,-68.114,-6.527,0.39,43.1535,12.927082,77.683815,,2884.234135,,2809.6775,,0 / 21,81510,2018-08-06 15:02:28:025
-0.238,8.989,2.901,0.35232,9.16143,3.48059,-0.74292,-0.04534,-0.88002,0.43165,0.04756,-0.20584,112,36.756,-34.458,-16.044,262.743,-65.583,-9.062,0.39,41.7697,12.927082,77.683815,,2884.234135,,2809.6775,,0 / 21,82011,2018-08-06 15:02:28:526
0.284,9.031,2.695,0.31947,9.21725,3.33326,-2.37128,-0.15034,-5.35975,-1.10272,-0.01346,0.49281,113,36.528,-34.524,-16.458,268.963,-69.556,-5.612,0.39,40.8554,12.927082,77.683815,,2884.234135,,2809.6775,,0 / 21,82510,2018-08-06 15:02:29:025
0.052,9.129,3.21,0.06242,9.20713,3.37569,0.55103,-0.00893,0.97035,0.54889,0.06715,-0.28764,112,36.33,-34.818,-16.092,268,-67.372,-4.41,0.39,39.5376,12.927082,77.683815,,2884.234135,,2809.6775,,0 / 21,83011,2018-08-06 15:02:29:526
-0.181,8.922,4.354,0.3786,8.92175,4.05333,-0.33836,-0.10428,0.23595,-0.0437,0.23928,0.52345,112,36.63,-34.572,-15.978,274.376,-68.085,1.702,0.39,40.6908,12.927082,77.683815,,2884.234135,,2809.6775,,0 / 21,83510,2018-08-06 15:02:30:025
1.247,8.535,2.825,1.42271,8.39159,4.87109,0.28972,-0.5102,0.54639,-0.74474,-0.47762,0.26446,116,36.234,-34.938,-15.984,250.787,-58.838,-16.282,0.39,43.4691,12.927082,77.683815,,2884.234135,,2809.6775,,0 / 21,84010,2018-08-06 15:02:30:525
0.079,5.751,1.827,-1.26882,6.36606,7.35077,2.63883,-1.17377,4.73308,1.08766,0.53744,0.31082,153,35.694,-32.37,-19.626,241.165,-26.322,-0.07,0.39,45.0018,12.927082,77.683815,,2884.234135,,2809.6775,,0 / 21,84510,2018-08-06 15:02:31:025
-7.847,8.809,-3.185,-2.25848,6.2691,7.195,3.02779,-1.30164,-0.09928,1.1267,1.56368,-0.93885,147,36.12,-26.268,-25.764,250.999,-28.206,-9.989,0.39,54.7869,12.927082,77.683815,,2884.234135,,2809.6775,,0 / 21,85010,2018-08-06 15:02:31:525
0.874,5.743,6.842,1.22326,5.60358,7.95449,-0.54579,0.0882,-1.10811,-0.02531,0.13922,-0.08726,148,38.376,-19.104,-28.662,266.702,-34.637,-8.216,0.39,40.377,12.927082,77.683815,,2884.234135,,2809.6775,,0 / 21,85510,2018-08-06 15:02:32:025
1.457,5.428,8.485,1.23444,5.51185,8.01661,0.37958,-0.20052,-0.366,-0.18519,-0.14535,-0.15574,141,33.714,-17.076,-34.758,274.089,-34.734,-8.772,0.39,40.7655,12.927082,77.683815,,2884.234135,,2809.6775,,0 / 21,86010,2018-08-06 15:02:32:525
1.484,5.309,8.085,1.3665,5.23875,8.17671,0.20155,0.17737,0.20387,0.04796,-0.06968,0.02012,139,29.328,-14.922,-39.618,280.296,-32.747,-8.911,0.39,44.1732,12.927082,77.683815,,2884.234135,,2809.6775,,0 / 21,86511,2018-08-06 15:02:33:026
2.462,5.378,8.093,1.64745,5.65458,7.84105,0.98794,-0.51058,-0.16805,-0.13882,0.07567,-0.02145,141,28.614,-12.768,-40.218,286.252,-37.283,-10.214,0.39,40.3837,12.927082,77.683815,,2884.234135,,2809.6775,,0 / 21,87010,2018-08-06 15:02:33:525
1.688,5.518,8.091,1.60731,5.53881,7.93149,0.11084,-0.00315,0.22709,-0.03024,-0.02691,0.13243,140,27.858,-12.534,-40.572,283.931,-34.388,-11.456,0.39,47.837,12.927082,77.683815,,2884.234135,,2809.6775,,0 / 21,87510,2018-08-06 15:02:34:025
1.977,5.569,8.458,1.72208,5.45477,7.96557,0.22204,0.0506,0.42183,-0.03637,-0.0024,0.03104,139,26.7,-11.538,-41.172,284.621,-33.796,-12.199,0.39,42.1335,12.927082,77.683815,,2884.234135,,2809.6775,,0 / 21,88010,2018-08-06 15:02:34:525
2.182,5.373,7.804,1.98929,5.45122,7.90553,0.17613,-0.04384,-0.18221,-0.01918,-0.04277,0.07021,141,26.262,-11.016,-41.094,284.991,-33.771,-14.124,0.39,39.8654,12.927082,77.683815,,2884.234135,,2809.6775,,0 / 21,88510,2018-08-06 15:02:35:025
5.452,2.025,10.471,3.75454,3.84192,8.20448,-0.39054,0.30908,-0.51248,-2.06048,-2.17093,0.71037,143,24.756,-10.584,-42.486,271.091,-23.064,-24.59,0.39,46.4765,12.927082,77.683815,,2884.234135,,2809.6775,,0 / 21,89010,2018-08-06 15:02:35:525
-3.581,8.412,-4.704,-2.19015,9.20017,2.59433,1.66515,-0.89917,0.53567,3.46136,3.42673,-0.99014,141,27.708,-12.078,-36.828,3.599,-69.744,40.171,0.39,48.1333,12.927082,77.683815,,2884.234135,,2809.6775,,0 / 21,89510,2018-08-06 15:02:36:025
1.354,6.748,6.45,-1.81148,7.95255,5.44481,1.20848,-1.27355,1.84219,-0.47229,-1.15201,0.76525,149,36.192,-13.554,-22.884,310.858,-56.199,22.317,0.39,44.9142,12.927082,77.683815,,2884.234135,,2809.6775,,0 / 21,90010,2018-08-06 15:02:36:525
-0.119,8.246,4.4,-0.77268,8.22555,5.28335,0.01948,0.14595,-1.12634,-0.50293,0.28577,1.48974,72,38.196,-10.974,-20.454,291.998,-55.726,7.318,0.39,45.7803,12.927082,77.683815,,2884.234135,,2809.6775,,0 / 21,90510,2018-08-06 15:02:37:025
0.954,4.998,7.971,0.48012,5.00388,8.42028,0.67628,-0.07537,-0.12079,-0.421,-0.12097,0.27911,61,31.17,-1.83,-31.848,292.659,-30.681,-3.263,0.39,41.0901,12.927082,77.683815,,2884.234135,,2809.6775,,0 / 21,91010,2018-08-06 15:02:37:525
-1.554,1.958,9.924,0.19282,3.75744,9.0562,-2.14773,-1.67775,1.01199,0.17506,-0.94071,-2.43912,114,25.83,8.952,-32.166,307.352,-22.529,-1.22,0.39,46.5352,12.927082,77.683815,,2884.234135,,2809.6775,,0 / 21,91510,2018-08-06 15:02:38:025
-4.108,-0.081,9.268,-1.96102,1.90766,9.4173,-3.57115,-2.4544,0.59706,0.19464,-0.46416,1.89901,64,15.084,21.84,-28.224,341.926,-11.217,11.763,0.39,40.8822,12.927082,77.683815,,2884.234135,,2809.6775,,0 / 21,92010,2018-08-06 15:02:38:525
2.876,2.267,9.704,0.17232,3.50246,9.15825,2.56559,-1.1858,0.53055,2.50719,-1.57354,0.56248,91,9.336,26.004,-26.868,344.32,-20.925,-1.078,0.39,40.8122,12.927082,77.683815,,2884.234135,,2809.6775,,0 / 21,92510,2018-08-06 15:02:39:025
2.928,8.888,5.945,2.40924,7.94405,5.22093,0.77887,0.94925,0.28082,0.05409,0.04143,-0.06048,78,12.48,10.458,-35.634,317.417,-54.102,-24.771,0.39,40.23,12.927082,77.683815,,2884.234135,,2809.6775,,0 / 21,93010,2018-08-06 15:02:39:525
0.985,7.787,1.885,1.61665,8.1716,5.17511,-0.96309,-0.52548,-4.66469,0.51226,0.32121,-0.12883,70,14.406,-5.772,-42.648,309.375,-49.379,-20.299,0.39,39.2416,12.927082,77.683815,,2884.234135,,2809.6775,,0 / 21,93511,2018-08-06 15:02:40:026
0.799,7.358,5.382,1.1767,7.4056,6.32004,-0.36473,-0.0343,-0.88307,0.01252,-0.02691,0.02012,75,14.928,-4.92,-41.214,318.003,-48.722,-10.757,0.39,37.5798,12.927082,77.683815,,2884.234135,,2809.6775,,0 / 21,94010,2018-08-06 15:02:40:525
1.088,7.297,7.042,1.31017,7.14652,6.58644,-0.3506,0.17699,0.6613,0.0357,-0.04636,0.14588,79,16.176,-2.112,-40.914,317.284,-46.781,-11.25,0.39,45.1349,12.927082,77.683815,,2884.234135,,2809.6775,,0 / 21,94510,2018-08-06 15:02:41:025
2.175,7.323,5.322,2.40111,7.26668,6.13191,-0.50529,0.01247,-0.72491,-0.0449,-0.19664,0.01279,67,15.9,-1.524,-41.022,307.161,-47.816,-21.384,0.39,39.2305,12.927082,77.683815,,2884.234135,,2809.6775,,0 / 21,95010,2018-08-06 15:02:41:525
2.495,7.306,5.777,2.33695,7.40014,5.99558,0.26611,0.02911,0.09862,0.03824,-0.01585,0.09219,67,15.966,-1.254,-40.92,308.598,-48.991,-21.295,0.39,38.9594,12.927082,77.683815,,2884.234135,,2809.6775,,0 / 21,95510,2018-08-06 15:02:42:025
2.95,6.705,6.866,2.63553,7.01167,6.32937,0.09282,0.17378,-0.13505,-0.28177,0.15627,0.48921,47,15.588,-1.332,-40.572,305.733,-45.642,-22.607,0.39,42.014,12.927082,77.683815,,2884.234135,,2809.6775,,0 / 21,96010,2018-08-06 15:02:42:525
3.132,5.689,7.139,3.04693,5.77374,7.31782,0.02697,-0.08771,0.15267,-0.06675,0.16853,0.15574,57,15.774,-1.884,-41.082,299.177,-36.069,-22.605,0.39,40.2415,12.927082,77.683815,,2884.234135,,2809.6775,,0 / 21,96510,2018-08-06 15:02:43:025
3.097,5.628,7.035,3.21228,5.61869,7.36763,-0.07929,0.00645,-0.31136,-0.1644,0.2113,-0.08247,55,17.4,-2.046,-41.292,295.206,-34.735,-25.048,0.39,40.0735,12.927082,77.683815,,2884.234135,,2809.6775,,0 / 21,97011,2018-08-06 15:02:43:526
4.526,6.153,6.99,3.57215,5.82842,7.03134,1.19985,0.25441,-0.0248,0.13842,-0.40314,-0.88023,41,18.48,-1.722,-41.85,293.866,-35.5,-26.701,0.39,39.5605,12.927082,77.683815,,2884.234135,,2809.6775,,0 / 21,97510,2018-08-06 15:02:44:025
3.324,6.863,6.72,2.83439,6.66699,6.60968,0.8076,0.37888,0.2025,0.27405,-0.00973,-0.251,71,18.36,-1.392,-42.834,302.394,-42.502,-23.107,0.39,40.6367,12.927082,77.683815,,2884.234135,,2809.6775,,0 / 21,98010,2018-08-06 15:02:44:525
3.081,7.03,7.359,2.64485,6.97286,6.36824,0.18303,0.08251,0.20945,-0.21703,-0.14175,0.0409,71,14.952,-0.396,-42.924,308.508,-45.319,-22.554,0.39,45.2154,12.927082,77.683815,,2884.234135,,2809.6775,,0 / 21,98510,2018-08-06 15:02:45:025
1.347,7.026,5.809,1.79963,7.13945,6.47765,-0.45263,-0.11345,-0.66865,-0.45524,0.92832,-0.22049,72,14.196,-0.27,-42.978,313.35,-47.807,-20.092,0.39,50.8662,12.927082,77.683815,,2884.234135,,2809.6775,,0 / 21,99010,2018-08-06 15:02:45:525
1.208,7.212,6.231,1.24034,7.15567,6.59001,-0.03234,0.05633,-0.35901,0.06142,-0.01226,0.08726,81,13.602,0.156,-42.228,323.008,-47.3,-10.535,0.39,49.054,12.927082,77.683815,,2884.234135,,2809.6775,,0 / 21,99510,2018-08-06 15:02:46:025
0.165,7.071,7.04,0.5133,6.93596,6.91371,-0.3483,0.13504,0.12629,0.03331,-0.00733,-0.27671,68,13.098,1.344,-41.784,331.537,-45.013,-4.246,0.39,45.2353,12.927082,77.683815,,2884.234135,,2809.6775,,0 / 21,100010,2018-08-06 15:02:46:525
0.456,7.067,6.619,0.43309,7.07939,6.77237,-0.02291,0.04156,-0.14129,0.06262,-0.04277,0.06408,68,12.99,4.11,-40.926,333.817,-46.211,-3.659,0.39,39.458,12.927082,77.683815,,2884.234135,,2809.6775,,0 / 21,100511,2018-08-06 15:02:47:026
0.933,7.227,6.795,0.845,7.18779,6.61756,-0.07326,0.0142,0.12642,0.03211,-0.08673,-0.01292,65,11.256,7.32,-41.064,334.896,-47.234,-6.807,0.39,38.3943,12.927082,77.683815,,2884.234135,,2809.6775,,0 / 21,101010,2018-08-06 15:02:47:525
